{
    "header": [
        " *   ",
        " *   如非需要调试，本文件可删除",
        " *   非专业人员可将本文件删除",
        " *   详细介绍请参考: https://bazhan.wang/faq#INFO-JSON",
        " *   "
    ],
    "resources": [
        {
            "url": "http://ocs.ka5.co//payjs.php?id=20220311214908266765",
            "path": "index.html",
            "saved": true,
            "size": 6911,
            "children": [
                {
                    "url": "http://ocs.ka5.co//static/alipay_sc.png",
                    "path": "img/alipay_sc.png",
                    "saved": true,
                    "size": 0,
                    "children": []
                },
                {
                    "url": "http://ocs.ka5.co//static/alipay.png",
                    "path": "img/alipay.png",
                    "saved": true,
                    "size": 0,
                    "children": []
                },
                {
                    "url": "https://lib.baomitu.com/jquery/1.9.1/jquery.min.js",
                    "saved": false
                },
                {
                    "url": "https://lib.baomitu.com/layer/3.0.1/layer.js",
                    "saved": false
                },
                {
                    "url": "http://ocs.ka5.co//static/common.css",
                    "path": "css/common.css",
                    "saved": true,
                    "size": 5051,
                    "children": [
                        {
                            "url": "http://ocs.ka5.co//static/wechat-pay.png",
                            "saved": false
                        },
                        {
                            "url": "http://ocs.ka5.co//static/wave.png",
                            "path": "img/wave.png",
                            "saved": true,
                            "size": 0,
                            "children": []
                        }
                    ]
                }
            ]
        }
    ],
    "alias": "ocs-ka5-co-7in06ou",
    "info": {
        "request": {
            "headers": {
                "accept": "text/html,*/*",
                "accept-language": "zh-CN,zh;q=0.9",
                "cache-control": "no-cache",
                "cookie": "",
                "referer": "http://ocs.ka5.co//payjs.php?id=20220311214908266765",
                "user-agent": "Mozilla/5.0 (Windows NT 10.0; Win64; x64) AppleWebKit/537.36 (KHTML, like Gecko) Chrome/78.0.3904.108 Safari/537.36",
                "x-scraper-website": "https://bazhan.wang/"
            }
        },
        "response": {
            "redirects": [],
            "responseUrl": "http://ocs.ka5.co//payjs.php?id=20220311214908266765",
            "statusCode": 200,
            "headers": {
                "server": "Tengine",
                "date": "Fri, 11 Mar 2022 13:48:30 GMT",
                "content-type": "text/html; charset=utf-8",
                "x-nws-uuid-verify": "84cf0eb8d7aaed372bf5cd759688a4ff",
                "vary": "Accept-Encoding",
                "x-daa-tunnel": "hop_count=1",
                "cache-control": "no-cache",
                "transfer-encoding": "chunked",
                "x-nws-log-uuid": "8724963527556707344",
                "connection": "close",
                "x-cache-lookup": "Cache Miss"
            }
        },
        "time": {
            "start": "2022-03-11T13:50:18.899Z",
            "end": "2022-03-11T13:50:20.541Z"
        },
        "remark": [],
        "title": "在线支付",
        "ip": "58.144.138.45",
        "url": "http://ocs.ka5.co//payjs.php?id=20220311214908266765",
        "main": "index.html",
        "domain": "ocs.ka5.co",
        "origin": "http://ocs.ka5.co",
        "totalSize": "12 kB"
    },
    "options": {
        "formatter": [],
        "url": "http://ocs.ka5.co//payjs.php?id=20220311214908266765",
        "referer": "",
        "cookies": "",
        "userAgent": "Mozilla/5.0 (Windows NT 10.0; Win64; x64) AppleWebKit/537.36 (KHTML, like Gecko) Chrome/78.0.3904.108 Safari/537.36",
        "filenameGenerator": "byType"
    }
}